name,size,Image
0,3071331,wordCloudImages/m_6c_0.png
1,2212245,wordCloudImages/m_6c_1.png
2,1758602,wordCloudImages/m_6c_2.png
3,1695514,wordCloudImages/m_6c_3.png
4,1286402,wordCloudImages/m_6c_4.png
5,1173873,wordCloudImages/m_6c_5.png
6,1083930,wordCloudImages/m_6c_6.png
7,780949,wordCloudImages/m_6c_7.png
8,709492,wordCloudImages/m_6c_8.png
9,695340,wordCloudImages/m_6c_9.png
10,587651,wordCloudImages/m_6c_10.png
11,554549,wordCloudImages/m_6c_11.png
12,537849,wordCloudImages/m_6c_12.png
13,436248,wordCloudImages/m_6c_13.png
14,389057,wordCloudImages/m_6c_14.png
15,373399,wordCloudImages/m_6c_15.png
16,306907,wordCloudImages/m_6c_16.png
17,263282,wordCloudImages/m_6c_17.png
18,249813,wordCloudImages/m_6c_18.png
19,238835,wordCloudImages/m_6c_19.png
